tweet_id,tweet_text
1,Delta Airlines offer: Enjoy up to 40% off and excellent offers on #NewYearflighttickets for a limited time. To book now call #DeltaAirlinesphonenumber +1-800-706-2768. Or click here for more information:-https://t.ly/d3fWg. #NewYeardeltatraveldeals #NewYearDeltaflights
2,Get R500 off flights to The Big Apple! On sale with United Airlines! You can book flights from #Johannesburg - #NewYork (Newark Liberty International Airport) from R13049 return anytime. Deal ends on 16 August 2021. Book now at http://sandtontimes.co.za/fly #DiscountedFlights
3,Book United Airlines Flight Tickets & get instant discounts up to 65%off. â˜ï¸ Phone: +1-866-579-8033 ğŸ“© E-Mail: info@winktraveldeals.com ğŸŒ  Websites: https://winktraveldeals.com/airlines/united-airlines.aspx ğŸ‘‰ Cheap Flight Deals | Lowest Airfare Guaranteed âœ… International | Economy & Business Flights
4,Don't miss out on #COABE2024 the #AdultEducation #NetworkingEvent of the year! Click the link to get early-bird pricing information a Delta Airline discount code hotel pricing and more! http://tinyurl.com/5mwrv2ec #EarlyBirdDiscount #NetworkingEvent #ProfessionalDevelopment
5,The $1150 special ticket price for our 2024 Sandler Summit ends Sunday. That's a discount of $100 (2024 price $1250)! Don't miss out. Get your access to top sales and leadership speakers at Orlando World Center Marriott March 19 and 20th. https://hubs.la/Q02cc0dF0
6,Book with AntiGoTravel Official Site. Get cheap Delta Airlines #flights Flights tickets. Contact on #Delta airlines reservations number and get 60% OFF. https://bit.ly/2mhJO1T
7,SPECIAL BONUS OFFER! United Airlines #MileagePlus! Buy miles now and get up to 85% BONUS Miles! Offer ends August 27 #UnitedAirlines #United #Deals #BonusMiles https://fxo.co/9HtP
8,Fly to Hawaii one way for as little as 13000 miles with special offers from Delta and United. Both United Airlines and Delta Air Lines are now providing discounts for last-minute travel... #UnitedAirlines #DeltaAirLines #Denver  luxtravelsite.com
9,Book your flight tickets with United Airlines and make it an unforgettable experience! With amazing prices special offers and a wide range of destinations. So stop waiting and start exploring with United Airlines today! #Unitedairlinesofficialsite #cheapflightsUnitedAirlines
10,We â¤ï¸ NY and we know you do too. While you start wishing for Christmas remember our special fares with United Airlines booking by 30th November. Visit NY do some shopping ğŸ and brag about our exclusive pricing with UnitedğŸ” See example offers at http://bit.ly/2Pqtg4e